target,A1,A2,A3,A4,A5,B1,B2,B3,B4,B5,AB1,AB2,AB3,AB4,AB5,u3,u6,Nd,FE,BG,firstIE,TF,v1,v2
2.21246,3.0,0.0,1.0,0.0,2.0,4.0,0.0,0.0,1.0,1.0,5.0,4.0,3.0,0.0,4.0,0.0,0.0,0.25,-1.3239741227675,2.1080500000000004,6.70776175,0.2465753424657534,0.015625,0.046875
2.30385,2.0,0.0,2.0,1.0,1.0,4.0,0.0,0.0,2.0,0.0,6.0,4.0,2.0,0.0,4.0,0.0,0.0,0.25,-1.3239741227675,2.1080500000000004,6.70776175,0.2465753424657534,0.046875,0.0625
2.09178,2.0,1.0,1.0,1.0,1.0,3.0,3.0,0.0,0.0,0.0,7.0,2.0,3.0,1.0,3.0,0.03125,0.09375,0.5,-1.5501721028566662,2.2197000000000005,6.611473500000001,0.3030821917808219,0.03125,0.03125
4.980729999999999,4.0,0.0,0.0,2.0,0.0,4.0,0.0,0.0,1.0,1.0,2.0,4.0,6.0,0.0,4.0,0.0,0.0,0.25,-1.3239741227675,2.1080500000000004,6.70776175,0.2465753424657534,0.0625,0.046875
1.1625,0.0,6.0,0.0,0.0,0.0,3.0,3.0,0.0,0.0,0.0,9.0,0.0,3.0,1.0,3.0,0.1875,0.09375,0.25,-1.3239741227675,2.1080500000000004,6.70776175,0.2465753424657534,0.0625,0.03125
3.13978,4.0,0.0,0.0,1.0,1.0,4.0,0.0,0.0,1.0,1.0,4.0,4.0,4.0,1.0,3.0,0.0,0.0,0.25,-1.3239741227675,2.1080500000000004,6.70776175,0.2465753424657534,0.03125,0.046875
1.59343,12.0,12.0,4.0,0.0,0.0,0.0,0.0,0.0,0.0,0.0,0.0,0.0,0.0,0.0,0.0,0.0625,0.0,0.5,-1.84999769994,2.1893,6.2736295,0.3219178082191781,0.0,0.0
2.31507,2.0,0.0,2.0,1.0,1.0,0.0,0.0,4.0,2.0,0.0,8.0,4.0,0.0,0.0,4.0,0.0,0.0,0.5,-1.5604329391066665,2.2797500000000004,6.562975,0.3321917808219178,0.03125,0.0625
2.44095,3.0,0.0,1.0,0.0,2.0,4.0,0.0,0.0,1.0,1.0,4.0,4.0,4.0,1.0,3.0,0.0,0.0,0.25,-1.3239741227675,2.1080500000000004,6.70776175,0.2465753424657534,0.015625,0.046875
1.17861,0.0,1.0,0.0,0.0,0.0,3.0,4.0,2.0,2.0,4.0,7.0,2.0,3.0,0.0,0.0,0.1875,0.0347222222222222,0.375,-1.58698591135375,2.1486750000000003,6.490695625000001,0.2842465753424658,0.0625,0.0486111111111111
2.72515,4.0,0.0,0.0,1.0,1.0,2.0,1.0,1.0,1.0,1.0,4.0,4.0,4.0,0.0,4.0,0.0,0.03125,0.25,-1.3239741227675,2.1080500000000004,6.70776175,0.2465753424657534,0.03125,0.03125
1.7259,0.0,6.0,0.0,0.0,0.0,0.0,3.0,0.0,1.0,2.0,12.0,0.0,4.0,0.0,0.0,0.1875,0.09375,0.25,-1.3239741227675,2.1080500000000004,6.70776175,0.2465753424657534,0.0625,0.078125
3.36148,0.0,1.0,0.0,0.0,0.0,7.0,2.0,2.0,1.0,3.0,3.0,4.0,3.0,1.0,1.0,0.1875,0.0069444444444444,0.375,-1.58698591135375,2.1486750000000003,6.490695625000001,0.2842465753424658,0.0625,0.0069444444444444
1.62803,3.0,3.0,0.0,0.0,0.0,2.0,0.0,2.0,1.0,1.0,5.0,4.0,3.0,1.0,3.0,0.09375,0.0,0.25,-1.3239741227675,2.1080500000000004,6.70776175,0.2465753424657534,0.03125,0.046875
2.23203,3.0,1.0,0.0,1.0,1.0,0.0,0.0,4.0,2.0,0.0,8.0,4.0,0.0,0.0,4.0,0.03125,0.0,0.6666666666666666,-0.9268750611561908,1.9693000000000005,6.819025,0.3515981735159816,0.03125,0.0625
2.79724,12.0,6.0,4.0,2.0,4.0,0.0,0.0,0.0,0.0,0.0,0.0,0.0,0.0,0.0,0.0,0.015625,0.0,0.5,-1.84999769994,2.1893,6.2736295,0.3219178082191781,0.0078125,0.0
2.20473,12.0,8.0,4.0,2.0,2.0,0.0,0.0,0.0,0.0,0.0,0.0,0.0,0.0,0.0,0.0,0.03125,0.0,0.5,-1.84999769994,2.1893,6.2736295,0.3219178082191781,0.015625,0.0
1.74631,2.0,3.0,1.0,0.0,0.0,2.0,0.0,2.0,1.0,1.0,7.0,4.0,1.0,0.0,4.0,0.09375,0.0,0.25,-1.3239741227675,2.1080500000000004,6.70776175,0.2465753424657534,0.03125,0.046875
3.55789,4.0,0.0,0.0,2.0,0.0,4.0,0.0,0.0,1.0,1.0,6.0,4.0,2.0,0.0,4.0,0.0,0.0,0.25,-1.3239741227675,2.1080500000000004,6.70776175,0.2465753424657534,0.0625,0.046875
0.93901,0.0,6.0,0.0,0.0,0.0,3.0,1.0,0.0,1.0,1.0,9.0,0.0,3.0,1.0,3.0,0.1875,0.03125,0.25,-1.3239741227675,2.1080500000000004,6.70776175,0.2465753424657534,0.0625,0.0625
